server_name,ip,login,password
abcdefghi,123.456.789.123,login,paaaasssswoooord
abcdefghijklmnopqrstuvwxyz abcdefghijklm,123.456.789.123,login,paaaasssswoooord
The name of the server,123.456.789.123,login,paaaasssswoooord
abcdefghi,123.456.789.123,login,paaaasssswoooord
abcdefghijklmnopqrstuvwxyz abcdefghijklm,123.456.789.123,login,paaaasssswoooord
The name of the server,123.456.789.123,login,paaaasssswoooord
abcdefghi,123.456.789.123,login,paaaasssswoooord
abcdefghijklmnopqrstuvwxyz abcdefghijklm,123.456.789.123,login,paaaasssswoooord
The name of the server,123.456.789.123,login,paaaasssswoooord
abcdefghi,123.456.789.123,login,paaaasssswoooord
abcdefghijklmnopqrstuvwxyz abcdefghijklm,123.456.789.123,login,paaaasssswoooord
The name of the server,123.456.789.123,login,paaaasssswoooord
abcdefghi,123.456.789.123,login,paaaasssswoooord
abcdefghijklmnopqrstuvwxyz abcdefghijklm,123.456.789.123,login,paaaasssswoooord
The name of the server,123.456.789.123,login,paaaasssswoooord
abcdefghi,123.456.789.123,login,paaaasssswoooord
abcdefghijklmnopqrstuvwxyz abcdefghijklm,123.456.789.123,login,paaaasssswoooord
The name of the server,123.456.789.123,login,paaaasssswoooord
abcdefghi,123.456.789.123,login,paaaasssswoooord
abcdefghijklmnopqrstuvwxyz abcdefghijklm,123.456.789.123,login,paaaasssswoooord
The name of the server,123.456.789.123,login,paaaasssswoooord
abcdefghi,123.456.789.123,login,paaaasssswoooord
abcdefghijklmnopqrstuvwxyz abcdefghijklm,123.456.789.123,login,paaaasssswoooord
The name of the server,123.456.789.123,login,paaaasssswoooord
abcdefghi,123.456.789.123,login,paaaasssswoooord
abcdefghijklmnopqrstuvwxyz abcdefghijklm,123.456.789.123,login,paaaasssswoooord
The name of the server,123.456.789.123,login,paaaasssswoooord
abcdefghi,123.456.789.123,login,paaaasssswoooord
abcdefghijklmnopqrstuvwxyz abcdefghijklm,123.456.789.123,login,paaaasssswoooord
The name of the server,123.456.789.123,login,paaaasssswoooord
abcdefghi,123.456.789.123,login,paaaasssswoooord
abcdefghijklmnopqrstuvwxyz abcdefghijklm,123.456.789.123,login,paaaasssswoooord
The name of the server,123.456.789.123,login,paaaasssswoooord
abcdefghi,123.456.789.123,login,paaaasssswoooord
abcdefghijklmnopqrstuvwxyz abcdefghijklm,123.456.789.123,login,paaaasssswoooord
The name of the server,123.456.789.123,login,paaaasssswoooord
abcdefghi,123.456.789.123,login,paaaasssswoooord
abcdefghijklmnopqrstuvwxyz abcdefghijklm,123.456.789.123,login,paaaasssswoooord
The name of the server,123.456.789.123,login,paaaasssswoooord
abcdefghi,123.456.789.123,login,paaaasssswoooord
abcdefghijklmnopqrstuvwxyz abcdefghijklm,123.456.789.123,login,paaaasssswoooord
The name of the server,123.456.789.123,login,paaaasssswoooord
abcdefghi,123.456.789.123,login,paaaasssswoooord
abcdefghijklmnopqrstuvwxyz abcdefghijklm,123.456.789.123,login,paaaasssswoooord
The name of the server,123.456.789.123,login,paaaasssswoooord
abcdefghi,123.456.789.123,login,paaaasssswoooord
abcdefghijklmnopqrstuvwxyz abcdefghijklm,123.456.789.123,login,paaaasssswoooord
The name of the server,123.456.789.123,login,paaaasssswoooord
